time,open,close,low,high,volume
1744585140,1.133455,1.13341,1.13337,1.133465,166
1744585200,1.133415,1.133805,1.13335,1.13391,712
1744585260,1.13378,1.13358,1.13356,1.133805,454
1744585320,1.133575,1.133175,1.133075,1.13358,722
1744585380,1.133165,1.13295,1.1329,1.133315,545
1744585440,1.132945,1.13305,1.13292,1.133225,769
1744585500,1.133045,1.1333,1.133025,1.133375,573
1744585560,1.133305,1.133465,1.13306,1.133505,688
1744585620,1.133465,1.13408,1.1334,1.134095,388
1744585680,1.134085,1.133925,1.13379,1.13424,332
1744585740,1.133925,1.133785,1.13375,1.1341,173
1744585800,1.13377,1.134115,1.13346,1.13422,328
1744585860,1.13415,1.134025,1.133975,1.134435,658
1744585920,1.13402,1.13378,1.1337,1.134115,305
1744585980,1.133775,1.133635,1.13345,1.133815,508
1744586040,1.13364,1.133385,1.133325,1.13365,498
1744586100,1.13339,1.13357,1.13338,1.13392,531
1744586160,1.133565,1.133775,1.133555,1.133865,335
1744586220,1.133785,1.133695,1.133425,1.13379,464
1744586280,1.13369,1.13389,1.13361,1.13389,277
1744586340,1.133885,1.1338,1.133785,1.13394,299
1744586400,1.133795,1.133525,1.13348,1.133935,491
1744586460,1.13353,1.133675,1.133385,1.133745,382
1744586520,1.133675,1.133525,1.133525,1.133695,353
1744586580,1.133515,1.133345,1.13312,1.13354,388
1744586640,1.13334,1.133345,1.133295,1.13348,291
1744586700,1.13334,1.133305,1.13327,1.13351,341
1744586760,1.13331,1.132935,1.13291,1.133405,354
1744586820,1.132925,1.132685,1.132665,1.132925,230
1744586880,1.132675,1.132625,1.132615,1.13289,271
1744586940,1.13262,1.132905,1.13239,1.132995,481
1744587000,1.132915,1.13315,1.13291,1.13335,453
1744587060,1.133155,1.13318,1.13311,1.133305,314
1744587120,1.133175,1.13329,1.13313,1.13335,294
1744587180,1.133295,1.13298,1.13298,1.133475,247
1744587240,1.13298,1.13305,1.132915,1.13333,486
1744587300,1.133055,1.13305,1.132875,1.13312,501
1744587360,1.133045,1.13318,1.132935,1.133195,300
1744587420,1.133185,1.133495,1.13318,1.13363,422
1744587480,1.13349,1.133585,1.133465,1.133755,457
1744587540,1.13359,1.133495,1.13335,1.1336,303
1744587600,1.13349,1.1335,1.133355,1.133645,330
1744587660,1.13349,1.13349,1.13348,1.13356,102
1744587720,1.133495,1.13362,1.13345,1.13372,245
1744587780,1.133625,1.133825,1.133565,1.13385,243
1744587840,1.13382,1.133985,1.133805,1.13412,435
1744587900,1.133975,1.134215,1.13394,1.134215,598
1744587960,1.13422,1.134325,1.13411,1.134325,406
1744588020,1.134315,1.134655,1.13404,1.13495,573
1744588080,1.13465,1.134645,1.134445,1.134775,730
1744588140,1.13465,1.134605,1.134525,1.13478,644
1744588200,1.1346,1.134645,1.1344,1.134755,541
1744588260,1.134645,1.1343,1.1343,1.134645,325
1744588320,1.134305,1.134255,1.134125,1.134325,205
1744588380,1.13425,1.133985,1.13394,1.13428,557
1744588440,1.13398,1.134165,1.13397,1.13421,312
1744588500,1.134175,1.134225,1.133955,1.13424,368
1744588560,1.134235,1.1343,1.13418,1.13435,246
1744588620,1.134295,1.134375,1.134285,1.134395,187
1744588680,1.134375,1.13418,1.13409,1.134375,204
1744588740,1.13418,1.13424,1.13409,1.13436,288
1744588800,1.134245,1.1347,1.13411,1.13478,1358
1744588860,1.134705,1.134765,1.134615,1.13503,877
1744588920,1.134765,1.134735,1.134325,1.134815,624
1744588980,1.134735,1.135025,1.1347,1.135205,864
1744589040,1.13502,1.13494,1.1349,1.135055,333
1744589100,1.134945,1.135135,1.13492,1.13528,704
1744589160,1.13513,1.135325,1.135125,1.13535,747
1744589220,1.13532,1.135755,1.135085,1.13576,892
1744589280,1.135755,1.13601,1.135715,1.13624,770
1744589340,1.13602,1.1361,1.13597,1.13623,637
1744589400,1.136105,1.13655,1.135985,1.13656,347
1744589460,1.13656,1.1368,1.136325,1.137065,962
1744589520,1.136795,1.137005,1.136735,1.137085,666
1744589580,1.137,1.13685,1.13666,1.137085,769
1744589640,1.136855,1.136705,1.136535,1.13688,432
1744589700,1.13671,1.136645,1.13641,1.13671,591
1744589760,1.136655,1.1366,1.136445,1.1369,513
1744589820,1.136595,1.136825,1.136455,1.13685,489
1744589880,1.136815,1.136625,1.13657,1.136895,376
1744589940,1.13662,1.136395,1.136035,1.136625,1025
1744590000,1.136385,1.136145,1.13612,1.136575,723
1744590060,1.136145,1.13624,1.136045,1.136325,528
1744590120,1.136245,1.136365,1.13618,1.13647,605
1744590180,1.13636,1.135885,1.13586,1.13636,591
1744590240,1.13589,1.13579,1.135735,1.135985,415
1744590300,1.135785,1.135225,1.13512,1.13579,639
1744590360,1.13523,1.135,1.134995,1.135285,299
1744590420,1.134995,1.13522,1.134975,1.1353,489
1744590480,1.13522,1.135925,1.13511,1.135995,616
1744590540,1.13593,1.135835,1.135705,1.13605,329
1744590600,1.13583,1.136055,1.13577,1.136155,362
1744590660,1.13605,1.136705,1.13603,1.136725,552
1744590720,1.1367,1.13647,1.136315,1.136885,549
1744590780,1.13648,1.13653,1.13623,1.136555,440
1744590840,1.136545,1.136835,1.136495,1.13686,377
1744590900,1.13683,1.13666,1.13634,1.136845,511
1744590960,1.13666,1.136825,1.136585,1.13684,365
1744591020,1.13684,1.13656,1.13653,1.13697,392
1744591080,1.136565,1.136615,1.13626,1.136665,387
1744591140,1.13661,1.1366,1.13648,1.13669,349
1744591200,1.136595,1.13631,1.13624,1.13667,333
1744591260,1.136325,1.136215,1.13617,1.13657,387
1744591320,1.13621,1.13628,1.136035,1.136355,494
1744591380,1.136285,1.136235,1.13617,1.13632,383
1744591440,1.13618,1.135885,1.135875,1.13631,417
1744591500,1.135875,1.135775,1.1357,1.135925,508
1744591560,1.13578,1.135725,1.135615,1.135915,430
1744591620,1.135725,1.1357,1.13558,1.135785,215
1744591680,1.135705,1.136025,1.135705,1.136025,272
1744591740,1.136015,1.135665,1.13556,1.136035,287
1744591800,1.13566,1.135755,1.13552,1.135885,459
1744591860,1.135745,1.1353,1.1353,1.135885,451
1744591920,1.13531,1.135225,1.135165,1.13532,386
1744591980,1.13522,1.1352,1.1351,1.135285,377
1744592040,1.13522,1.13542,1.135105,1.135475,756
1744592100,1.13544,1.13514,1.13506,1.13551,718
1744592160,1.135145,1.13516,1.135085,1.13546,680
1744592220,1.135155,1.135745,1.13512,1.136065,817
1744592280,1.13574,1.136975,1.13574,1.137035,921
1744592340,1.13698,1.13652,1.13641,1.13698,1020
1744592400,1.13652,1.136925,1.13644,1.136965,673
1744592460,1.13693,1.136895,1.13678,1.13762,865
1744592520,1.136875,1.137245,1.136695,1.137315,464
1744592580,1.137235,1.137355,1.13705,1.13736,490
1744592640,1.13735,1.137015,1.137,1.137375,407
1744592700,1.13702,1.136905,1.136875,1.137335,462
1744592760,1.13691,1.13703,1.136825,1.137035,425
1744592820,1.13704,1.137195,1.136985,1.13725,500
1744592880,1.137185,1.137235,1.136865,1.137315,555
1744592940,1.13723,1.13728,1.137045,1.13731,442
1744593000,1.137295,1.137595,1.13727,1.13761,693
1744593060,1.137595,1.137585,1.13745,1.137655,472
1744593120,1.137595,1.1385,1.137595,1.13858,1065
1744593180,1.138505,1.13803,1.137935,1.138515,682
1744593240,1.138025,1.137805,1.137695,1.138195,620
1744593300,1.137805,1.137555,1.13729,1.137845,726
1744593360,1.13756,1.13805,1.137415,1.138125,841
1744593420,1.138045,1.13794,1.137925,1.138555,738
1744593480,1.137935,1.13795,1.13791,1.138155,535
1744593540,1.137955,1.13769,1.13753,1.137955,613
1744593600,1.13769,1.137785,1.13766,1.137895,408
1744593660,1.137795,1.138345,1.13771,1.138355,629
1744593720,1.13834,1.138685,1.1383,1.1387,606
1744593780,1.13868,1.13892,1.13862,1.13901,780
1744593840,1.138925,1.138655,1.138525,1.13898,543
1744593900,1.13866,1.138925,1.13855,1.13897,411
1744593960,1.138935,1.13952,1.13892,1.139545,581
1744594020,1.13951,1.139015,1.139,1.13951,405
1744594080,1.139025,1.1392,1.138915,1.139645,779
1744594140,1.139205,1.13913,1.139065,1.13929,352
1744594200,1.13913,1.13893,1.13889,1.13913,449
1744594260,1.13892,1.13864,1.13835,1.13892,448
1744594320,1.13865,1.138655,1.138535,1.13869,354
1744594380,1.13865,1.13904,1.13865,1.1391,355
1744594440,1.13904,1.13948,1.13904,1.139505,508
1744594500,1.139485,1.139595,1.1394,1.139715,505
1744594560,1.13959,1.13989,1.13953,1.13991,470
1744594620,1.139895,1.139905,1.13959,1.140015,988
1744594680,1.1399,1.14013,1.13984,1.140285,758
1744594740,1.140125,1.140845,1.14011,1.140925,943
1744594800,1.14085,1.140445,1.14002,1.1409,914
1744594860,1.14045,1.14048,1.140245,1.14073,996
1744594920,1.140485,1.140385,1.140165,1.140655,1044
1744594980,1.14038,1.13997,1.139365,1.14043,1229
1744595040,1.13998,1.13915,1.138975,1.13998,1561
1744595100,1.139155,1.13894,1.13872,1.13994,1361
1744595160,1.138935,1.139655,1.138935,1.13968,1079
1744595220,1.13964,1.139745,1.139345,1.139795,989
1744595280,1.13974,1.140065,1.13968,1.140215,799
1744595340,1.140075,1.14014,1.140075,1.140545,863
1744595400,1.140135,1.13942,1.139405,1.14017,717
1744595460,1.139415,1.139415,1.13922,1.139465,659
1744595520,1.1394,1.13883,1.138695,1.1394,849
1744595580,1.138835,1.13886,1.138645,1.139015,615
1744595640,1.138865,1.13867,1.13857,1.139075,538
1744595700,1.138665,1.13878,1.13861,1.138815,481
1744595760,1.138785,1.13852,1.13837,1.138795,725
1744595820,1.138525,1.13818,1.13816,1.138535,488
1744595880,1.138175,1.138325,1.138135,1.138485,537
1744595940,1.13832,1.138555,1.13832,1.13867,369
1744596000,1.138545,1.13852,1.13822,1.13865,1032
1744596060,1.13851,1.13902,1.1385,1.139085,719
1744596120,1.13902,1.139005,1.138965,1.13911,438
1744596180,1.13901,1.139165,1.139005,1.1396,793
1744596240,1.13917,1.1396,1.139165,1.13963,510
1744596300,1.13961,1.139025,1.13884,1.13961,421
1744596360,1.13903,1.139475,1.139,1.139505,472
1744596420,1.13947,1.139625,1.139285,1.139625,382
1744596480,1.13962,1.139525,1.13939,1.13963,375
1744596540,1.139525,1.13985,1.139525,1.140035,512
1744596600,1.13984,1.13969,1.13965,1.14002,672
1744596660,1.13968,1.13956,1.13951,1.13998,406
1744596720,1.13956,1.139935,1.13952,1.139955,476
1744596780,1.13993,1.139815,1.13973,1.13996,414
1744596840,1.13981,1.139995,1.13981,1.140135,550
1744596900,1.13999,1.139425,1.139275,1.14004,676
1744596960,1.13942,1.138965,1.13885,1.13954,579
1744597020,1.13897,1.13897,1.138855,1.139125,625
1744597080,1.138965,1.13894,1.138935,1.13914,384
1744597140,1.13894,1.13903,1.13893,1.13907,285
1744597200,1.13903,1.13909,1.138925,1.13922,334
1744597260,1.13909,1.13925,1.139085,1.139735,504
1744597320,1.13925,1.139225,1.138995,1.139385,347
1744597380,1.139225,1.139365,1.139,1.139455,526
1744597440,1.139365,1.138875,1.13882,1.139485,453
1744597500,1.13887,1.13846,1.138405,1.13887,391
1744597560,1.138455,1.138525,1.138415,1.13869,407
1744597620,1.138515,1.138205,1.13803,1.138865,441
1744597680,1.1382,1.13842,1.13816,1.138535,789
1744597740,1.13842,1.13893,1.13838,1.13894,373
1744597800,1.13893,1.138995,1.138555,1.138995,499
1744597860,1.13899,1.13887,1.13872,1.13901,358
1744597920,1.13888,1.1383,1.13829,1.13894,294
1744597980,1.13831,1.13811,1.138085,1.13846,250
1744598040,1.138105,1.13821,1.13805,1.13846,529
1744598100,1.1382,1.138475,1.137985,1.138515,281
1744598160,1.138475,1.138305,1.138205,1.138525,282
1744598220,1.13829,1.138225,1.138095,1.138315,295
1744598280,1.138225,1.137775,1.137755,1.13842,335
1744598340,1.137775,1.137575,1.137505,1.137995,315
1744598400,1.13757,1.137595,1.13752,1.13777,383
1744598460,1.13759,1.13768,1.137515,1.13772,400
1744598520,1.137675,1.137645,1.13746,1.13775,364
1744598580,1.13764,1.13796,1.137605,1.138035,539
1744598640,1.137955,1.13802,1.13792,1.138095,364
1744598700,1.13802,1.1382,1.137795,1.13834,489
1744598760,1.1382,1.13802,1.137975,1.138225,471
1744598820,1.138025,1.13808,1.13797,1.13815,261
1744598880,1.138075,1.13829,1.138,1.138375,402
1744598940,1.138285,1.13831,1.138215,1.138395,302
1744599000,1.13831,1.13805,1.13798,1.13832,359
1744599060,1.13806,1.13827,1.13794,1.138375,645
1744599120,1.138275,1.13811,1.138035,1.13844,466
1744599180,1.138115,1.138215,1.138055,1.138275,365
1744599240,1.13821,1.13784,1.13784,1.138355,335
1744599300,1.137845,1.1378,1.13745,1.137915,767
1744599360,1.137795,1.1373,1.137295,1.137795,616
1744599420,1.137295,1.13726,1.13724,1.13735,479
1744599480,1.137265,1.137345,1.13709,1.137355,431
1744599540,1.13734,1.137235,1.137155,1.137425,270
1744599600,1.13723,1.137285,1.13707,1.13736,546
1744599660,1.13729,1.137365,1.13729,1.137455,285
1744599720,1.13737,1.13744,1.13721,1.137465,590
1744599780,1.13745,1.13727,1.137245,1.137615,431
1744599840,1.137265,1.13767,1.137255,1.13769,448
1744599900,1.13767,1.1377,1.13745,1.13788,457
1744599960,1.137705,1.137845,1.137705,1.137945,382
1744600020,1.13785,1.13799,1.13785,1.13806,315
1744600080,1.137995,1.138025,1.137775,1.13811,562
1744600140,1.13804,1.138055,1.137995,1.138395,839
1744600200,1.13806,1.13763,1.13753,1.138105,766
1744600260,1.137615,1.13708,1.136815,1.137615,919
1744600320,1.137085,1.13706,1.136985,1.13716,451
1744600380,1.137065,1.136775,1.136705,1.13708,547
1744600440,1.136785,1.13702,1.13668,1.137085,379
1744600500,1.137025,1.137065,1.1369,1.137105,320
1744600560,1.13707,1.1372,1.13702,1.137255,300
1744600620,1.137195,1.137095,1.136965,1.13742,627
1744600680,1.13709,1.136995,1.13691,1.13712,257
1744600740,1.13699,1.13702,1.136905,1.13705,213
1744600800,1.137025,1.13704,1.136845,1.13705,481
1744600860,1.137045,1.13687,1.136805,1.137065,547
1744600920,1.136865,1.136845,1.1368,1.13699,566
1744600980,1.13684,1.136435,1.13641,1.136845,730
1744601040,1.13643,1.136625,1.13638,1.13671,552
1744601100,1.136625,1.13658,1.13648,1.136735,600
1744601160,1.13658,1.13684,1.13653,1.13688,321
1744601220,1.136845,1.13707,1.136785,1.137075,331
1744601280,1.137065,1.136935,1.13692,1.137115,221
1744601340,1.136935,1.136775,1.13671,1.136955,400
1744601400,1.13677,1.13689,1.136745,1.137055,593
1744601460,1.136895,1.136675,1.136625,1.136925,348
1744601520,1.13668,1.136575,1.136565,1.13686,308
1744601580,1.13658,1.136535,1.13646,1.136705,367
1744601640,1.13653,1.13653,1.136505,1.13667,303
1744601700,1.136535,1.136265,1.136125,1.136535,399
1744601760,1.13627,1.136165,1.136005,1.13654,767
1744601820,1.13616,1.136325,1.13615,1.136335,353
1744601880,1.13632,1.136105,1.136,1.136365,570
1744601940,1.13609,1.135915,1.13591,1.136145,426
1744602000,1.135915,1.135955,1.135775,1.136035,432
1744602060,1.13595,1.135955,1.135905,1.13607,233
1744602120,1.13596,1.136275,1.13596,1.13629,376
1744602180,1.13628,1.13629,1.13628,1.136465,250
1744602240,1.136285,1.136245,1.136225,1.13639,263
1744602300,1.13624,1.13636,1.13623,1.136385,179
1744602360,1.13635,1.13636,1.136235,1.13638,275
1744602420,1.136365,1.136425,1.136355,1.136585,346
1744602480,1.13641,1.136735,1.136405,1.136735,279
1744602540,1.13673,1.136805,1.13663,1.13682,365
1744602600,1.1368,1.13667,1.13661,1.136935,329
1744602660,1.136675,1.136575,1.136565,1.136805,224
1744602720,1.136575,1.136535,1.136505,1.13673,242
1744602780,1.136535,1.136615,1.136465,1.1367,201
1744602840,1.136615,1.136915,1.136615,1.13693,318
1744602900,1.13691,1.136985,1.136875,1.13699,360
1744602960,1.13698,1.13683,1.13675,1.13699,263
1744603020,1.13683,1.13709,1.13683,1.137115,193
1744603080,1.137085,1.1371,1.13693,1.13711,218
1744603140,1.13709,1.137155,1.137065,1.1372,228
1744603200,1.13717,1.137125,1.137025,1.137335,207
1744603260,1.137125,1.13716,1.137005,1.13717,152
1744603320,1.13716,1.13716,1.137135,1.13725,206
1744603380,1.13716,1.136975,1.136935,1.137165,156
1744603440,1.13697,1.13693,1.136855,1.13697,183
1744603500,1.136925,1.137245,1.13689,1.137325,247
1744603560,1.13724,1.137245,1.13721,1.13735,313
1744603620,1.13724,1.137145,1.137145,1.1373,162
1744603680,1.13715,1.13687,1.13686,1.13718,220
1744603740,1.136865,1.13676,1.136675,1.13687,207
1744603800,1.136765,1.13668,1.13666,1.136835,203
1744603860,1.13668,1.136985,1.13668,1.137,148
1744603920,1.13698,1.136935,1.136895,1.13723,339
1744603980,1.13694,1.13715,1.136935,1.13719,342
1744604040,1.13715,1.137175,1.13702,1.13719,344
1744604100,1.13717,1.13751,1.13714,1.137555,285
1744604160,1.137525,1.137725,1.13751,1.137735,301
1744604220,1.13773,1.137885,1.137675,1.137965,266
1744604280,1.13789,1.13794,1.1378,1.138005,412
1744604340,1.13794,1.13812,1.13794,1.13819,392
1744604400,1.138125,1.1382,1.13799,1.13821,374
1744604460,1.13819,1.138095,1.13803,1.13823,276
1744604520,1.1381,1.138225,1.13806,1.13853,760
1744604580,1.13822,1.13803,1.137845,1.138315,362
1744604640,1.13803,1.13802,1.13792,1.138095,158
1744604700,1.138025,1.13769,1.137675,1.13803,256
1744604760,1.137685,1.13754,1.13748,1.137715,333
1744604820,1.13755,1.13761,1.13753,1.13767,190
1744604880,1.1376,1.1375,1.137415,1.137655,285
1744604940,1.1375,1.1377,1.137405,1.1377,263
1744605000,1.13769,1.137485,1.13748,1.13777,162
1744605060,1.137485,1.137675,1.137425,1.13768,176
1744605120,1.13767,1.137545,1.137505,1.137705,225
1744605180,1.13755,1.13772,1.13755,1.137725,153
1744605240,1.13771,1.137855,1.13768,1.13786,219
1744605300,1.137855,1.137805,1.13773,1.13796,262
1744605360,1.13781,1.13779,1.13774,1.13785,226
1744605420,1.137795,1.138135,1.137795,1.13815,422
1744605480,1.13814,1.137725,1.13772,1.138155,217
1744605540,1.137725,1.137845,1.137645,1.137865,136
1744605600,1.13785,1.13767,1.13767,1.13787,213
1744605660,1.137665,1.137565,1.13756,1.13769,89
1744605720,1.137565,1.137295,1.13729,1.13757,229
1744605780,1.1373,1.13712,1.13705,1.137345,246
1744605840,1.137115,1.13717,1.137065,1.13718,128
1744605900,1.137175,1.137235,1.137085,1.13726,216
1744605960,1.137235,1.13725,1.137175,1.137425,287
1744606020,1.137255,1.137245,1.137075,1.137295,406
1744606080,1.13724,1.137105,1.137045,1.13724,136
1744606140,1.137105,1.137065,1.137015,1.137145,102
1744606200,1.13706,1.136945,1.13662,1.1371,440
1744606260,1.136945,1.136885,1.13688,1.137005,185
1744606320,1.136875,1.136725,1.13667,1.13697,269
1744606380,1.13672,1.13688,1.136675,1.136905,228
1744606440,1.136885,1.13687,1.13676,1.13692,336
1744606500,1.136865,1.13668,1.13668,1.13688,232
1744606560,1.136685,1.13671,1.13663,1.136735,155
1744606620,1.13671,1.13678,1.1367,1.13689,185
1744606680,1.13678,1.136615,1.13658,1.13678,181
1744606740,1.13662,1.136775,1.13656,1.136805,215
1744606800,1.13677,1.13724,1.13677,1.13726,334
1744606860,1.13723,1.137125,1.13712,1.137305,207
1744606920,1.13713,1.137075,1.137065,1.137315,297
1744606980,1.13707,1.13694,1.13694,1.137175,222
1744607040,1.136945,1.13693,1.1367,1.136995,347
1744607100,1.136925,1.136125,1.13609,1.136925,578
1744607160,1.13613,1.13584,1.135815,1.136415,434
1744607220,1.13585,1.135905,1.13584,1.135955,202
1744607280,1.135895,1.13562,1.135515,1.135895,404
1744607340,1.135615,1.135535,1.13553,1.13563,235
1744607400,1.13553,1.135395,1.135385,1.135645,205
1744607460,1.13538,1.13555,1.135295,1.13564,339
1744607520,1.135545,1.13547,1.135455,1.135635,234
1744607580,1.13547,1.1357,1.13541,1.135765,413
1744607640,1.135695,1.13591,1.135625,1.135915,201
1744607700,1.135905,1.135755,1.135675,1.135985,289
1744607760,1.13574,1.13556,1.135515,1.13574,252
1744607820,1.135555,1.13557,1.13552,1.13588,220
1744607880,1.13556,1.13588,1.13555,1.135975,256
1744607940,1.13588,1.136475,1.13588,1.1365,446
1744608000,1.13647,1.136515,1.136455,1.13675,426
1744608060,1.136515,1.13668,1.13644,1.136685,225
1744608120,1.13668,1.13676,1.13667,1.1368,226
1744608180,1.136745,1.13703,1.136745,1.1371,336
1744608240,1.13703,1.13682,1.13682,1.13705,138
1744608300,1.13682,1.13699,1.136545,1.137005,406
1744608360,1.137005,1.13709,1.13695,1.13712,276
1744608420,1.137095,1.137245,1.13709,1.13728,207
1744608480,1.13725,1.1374,1.13722,1.13753,395
1744608540,1.1374,1.13777,1.137345,1.137795,393
1744608600,1.137775,1.137715,1.13766,1.1378,370
1744608660,1.13772,1.137665,1.13748,1.13772,302
1744608720,1.13766,1.13819,1.13766,1.13819,428
1744608780,1.1382,1.13803,1.137925,1.1382,210
1744608840,1.13803,1.138015,1.13795,1.13816,403
1744608900,1.13802,1.137905,1.137905,1.13813,248
1744608960,1.137915,1.137875,1.137625,1.137935,455
1744609020,1.137875,1.13791,1.13787,1.13818,465
1744609080,1.137915,1.137815,1.13774,1.13809,232
1744609140,1.13782,1.13806,1.1378,1.13827,370
1744609200,1.13805,1.138175,1.13788,1.138295,392
1744609260,1.13818,1.137745,1.137675,1.138255,504
1744609320,1.13774,1.1372,1.13719,1.13774,465
1744609380,1.137205,1.13687,1.13685,1.137385,555
1744609440,1.136865,1.136925,1.13671,1.13694,493
1744609500,1.136925,1.137125,1.136895,1.13715,275
1744609560,1.13712,1.13726,1.137055,1.1375,484
1744609620,1.13726,1.13739,1.137225,1.13755,328
1744609680,1.137385,1.137515,1.13711,1.13759,387
1744609740,1.137515,1.137675,1.137445,1.13768,341
1744609800,1.13768,1.13778,1.13768,1.137805,178
1744609860,1.137775,1.137925,1.137735,1.13813,434
1744609920,1.13793,1.13808,1.137875,1.138185,401
1744609980,1.138075,1.138085,1.138005,1.13818,369
1744610040,1.13808,1.138475,1.138075,1.138595,447
1744610100,1.138475,1.13866,1.138365,1.138765,562
1744610160,1.13866,1.13878,1.13858,1.138795,619
1744610220,1.138775,1.1387,1.13857,1.13882,525
1744610280,1.13872,1.138555,1.138405,1.13878,761
1744610340,1.13855,1.138525,1.138435,1.138695,428
1744610400,1.13853,1.13847,1.13829,1.13872,1326
1744610460,1.138465,1.138345,1.138255,1.13864,755
1744610520,1.13835,1.138165,1.13801,1.138365,917
1744610580,1.13817,1.137895,1.13771,1.13821,975
1744610640,1.1379,1.13799,1.13766,1.13805,677
1744610700,1.138,1.139065,1.137965,1.1391,1295
1744610760,1.139075,1.139185,1.13895,1.139315,1039
1744610820,1.13919,1.139505,1.13915,1.139515,882
1744610880,1.13951,1.14006,1.139415,1.140215,1254
1744610940,1.140065,1.13942,1.13931,1.140065,1037
1744611000,1.139425,1.139255,1.139005,1.13943,1101
1744611060,1.13925,1.13927,1.13909,1.139515,634
1744611120,1.139265,1.13909,1.138975,1.13933,747
1744611180,1.139085,1.139555,1.13896,1.1397,719
1744611240,1.139545,1.139535,1.139385,1.139705,758
1744611300,1.13953,1.139215,1.13919,1.13965,634
1744611360,1.13921,1.139505,1.138945,1.139605,869
1744611420,1.13951,1.14011,1.13948,1.140265,740
1744611480,1.140115,1.139865,1.139715,1.140285,746
1744611540,1.13986,1.139705,1.13961,1.14,695
1744611600,1.139705,1.139645,1.1396,1.14,989
1744611660,1.13965,1.13963,1.139625,1.13984,481
1744611720,1.139625,1.139965,1.1396,1.140205,730
1744611780,1.13996,1.140055,1.139785,1.1403,1083
1744611840,1.14005,1.14049,1.140035,1.140785,1140
1744611900,1.140495,1.139775,1.139765,1.140575,907
1744611960,1.13978,1.13949,1.13932,1.13979,806
1744612020,1.139495,1.13984,1.13944,1.13996,533
1744612080,1.13985,1.14009,1.13985,1.14027,808
1744612140,1.140095,1.139935,1.13989,1.14042,930
1744612200,1.13993,1.13939,1.13938,1.14017,1418
1744612260,1.139385,1.13968,1.1392,1.13968,1089
1744612320,1.13967,1.140705,1.139665,1.140725,923
1744612380,1.1407,1.14164,1.14056,1.141645,993
1744612440,1.14163,1.14146,1.141295,1.1418,1032
1744612500,1.141465,1.14135,1.141305,1.141885,745
1744612560,1.141355,1.14132,1.1411,1.141625,842
1744612620,1.14131,1.141445,1.14122,1.14158,855
1744612680,1.141435,1.14127,1.14115,1.14144,613
1744612740,1.141265,1.14158,1.14123,1.14163,618
1744612800,1.141575,1.14154,1.14146,1.14175,745
1744612860,1.141535,1.141635,1.14149,1.141855,638
1744612920,1.14164,1.14157,1.141545,1.141895,968
1744612980,1.141565,1.14135,1.14106,1.141665,949
1744613040,1.141345,1.1414,1.14095,1.14145,868
1744613100,1.14141,1.14153,1.141235,1.141705,659
1744613160,1.141525,1.14081,1.140415,1.14159,908
1744613220,1.1408,1.14053,1.140475,1.14084,508
1744613280,1.140525,1.140655,1.140225,1.14071,942
1744613340,1.140645,1.141025,1.140595,1.14108,614
1744613400,1.14102,1.141355,1.14089,1.14141,857
1744613460,1.14135,1.14183,1.14134,1.141895,848
1744613520,1.141835,1.141935,1.141635,1.14198,506
1744613580,1.14194,1.142205,1.141735,1.14233,1029
1744613640,1.142215,1.142355,1.14197,1.14241,1062
1744613700,1.142345,1.1422,1.14204,1.14238,845
1744613760,1.14221,1.14205,1.14194,1.142325,622
1744613820,1.142055,1.14151,1.14131,1.142055,956
1744613880,1.14151,1.141585,1.14148,1.1418,1000
1744613940,1.14158,1.1417,1.141575,1.14191,735
1744614000,1.1417,1.142125,1.141465,1.14238,1868
1744614060,1.14213,1.14232,1.14186,1.14237,1497
1744614120,1.142315,1.14214,1.14185,1.142405,1180
1744614180,1.142145,1.14187,1.14184,1.142315,1149
1744614240,1.141865,1.14159,1.14153,1.14187,1049
1744614300,1.141595,1.14142,1.1413,1.141895,1243
1744614360,1.141415,1.14188,1.14133,1.141945,802
1744614420,1.141875,1.14217,1.14169,1.142175,777
1744614480,1.142165,1.14198,1.14182,1.14247,922
1744614540,1.141985,1.14192,1.141615,1.142045,732
1744614600,1.141915,1.141645,1.14147,1.14192,811
1744614660,1.14165,1.141475,1.141415,1.14168,628
1744614720,1.141485,1.140975,1.140765,1.14152,933
1744614780,1.14098,1.140825,1.140375,1.141145,845
1744614840,1.140815,1.140955,1.14077,1.141285,951
1744614900,1.140965,1.14109,1.140775,1.14123,932
1744614960,1.1411,1.140675,1.140645,1.14118,1024
1744615020,1.140685,1.140625,1.14055,1.14086,905
1744615080,1.14062,1.14079,1.14029,1.140815,1012
1744615140,1.14078,1.140475,1.140475,1.141035,896
1744615200,1.14048,1.140465,1.14013,1.140485,935
1744615260,1.14047,1.140385,1.140235,1.14062,684
1744615320,1.14038,1.14023,1.14022,1.140485,694
1744615380,1.140225,1.14012,1.140045,1.14027,586
1744615440,1.140125,1.140405,1.14008,1.140525,905
1744615500,1.14041,1.140505,1.13998,1.14061,662
1744615560,1.14051,1.13993,1.139775,1.14056,779
1744615620,1.139935,1.13964,1.13962,1.13997,804
1744615680,1.13964,1.13957,1.13949,1.139855,603
1744615740,1.139565,1.13993,1.13948,1.13999,668
1744615800,1.13994,1.139935,1.13969,1.140085,702
1744615860,1.13994,1.13978,1.13961,1.13996,544
1744615920,1.139785,1.13921,1.13906,1.139795,859
1744615980,1.13922,1.13934,1.138815,1.13952,898
1744616040,1.139345,1.139165,1.13906,1.139385,594
1744616100,1.13917,1.13965,1.13907,1.139705,838
1744616160,1.13965,1.13912,1.13912,1.139705,626
1744616220,1.13911,1.139265,1.138985,1.139395,772
1744616280,1.13927,1.139245,1.139175,1.13942,649
1744616340,1.13924,1.139685,1.139165,1.13982,856
1744616400,1.13969,1.140085,1.139615,1.14009,829
1744616460,1.14009,1.140385,1.140055,1.14048,828
1744616520,1.140395,1.139825,1.13959,1.1404,718
1744616580,1.13982,1.13957,1.13947,1.139915,579
1744616640,1.139575,1.13912,1.13912,1.13964,781
1744616700,1.139125,1.13875,1.138605,1.139255,728
1744616760,1.13875,1.13859,1.138495,1.138755,554
1744616820,1.138595,1.13888,1.13856,1.138995,398
1744616880,1.13887,1.138625,1.13843,1.138955,660
1744616940,1.13862,1.13873,1.138515,1.138775,566
1744617000,1.13873,1.13888,1.13869,1.13903,788
1744617060,1.138885,1.13883,1.13859,1.138885,567
1744617120,1.138835,1.13862,1.138335,1.13895,759
1744617180,1.138625,1.13889,1.13862,1.138955,518
1744617240,1.138895,1.139035,1.138665,1.139065,722
1744617300,1.139025,1.13888,1.13874,1.139025,739
1744617360,1.138885,1.13895,1.138755,1.139225,836
1744617420,1.138945,1.138765,1.138745,1.139125,806
1744617480,1.13876,1.139195,1.13865,1.13925,888
1744617540,1.13919,1.13898,1.13885,1.1394,754
1744617600,1.138985,1.13881,1.13871,1.139025,866
1744617660,1.138805,1.138735,1.138655,1.13895,978
1744617720,1.13874,1.13875,1.138705,1.13917,747
1744617780,1.138745,1.138655,1.138655,1.13891,631
1744617840,1.13866,1.13864,1.138535,1.138745,667
1744617900,1.138635,1.13895,1.138415,1.13902,751
1744617960,1.138955,1.13939,1.138955,1.1394,860
1744618020,1.139385,1.13885,1.138835,1.13944,606
1744618080,1.138855,1.13873,1.13853,1.13886,632
1744618140,1.138725,1.139265,1.1387,1.13941,652
1744618200,1.13926,1.14001,1.139185,1.140015,713
1744618260,1.140015,1.13985,1.139565,1.1401,803
1744618320,1.139845,1.13982,1.139575,1.13986,487
1744618380,1.139815,1.139965,1.1397,1.14002,772
1744618440,1.13996,1.14009,1.139785,1.140165,638
1744618500,1.140095,1.14007,1.139805,1.14027,922
1744618560,1.140075,1.1401,1.139865,1.14011,753
1744618620,1.140105,1.139915,1.139845,1.14022,673
1744618680,1.13992,1.14029,1.139825,1.14035,637
1744618740,1.14029,1.140565,1.14023,1.140565,566
1744618800,1.14057,1.140755,1.14033,1.14091,610
1744618860,1.14076,1.1407,1.14068,1.140995,518
1744618920,1.140705,1.140845,1.140625,1.14092,638
1744618980,1.140845,1.14049,1.14043,1.140845,560
1744619040,1.140495,1.140285,1.14025,1.140525,756
1744619100,1.14028,1.140375,1.14016,1.140395,626
1744619160,1.14038,1.14034,1.14022,1.140485,562
1744619220,1.14033,1.14022,1.140195,1.140495,467
1744619280,1.140225,1.1402,1.14016,1.140335,475
1744619340,1.140195,1.14008,1.14005,1.14043,640
1744619400,1.14008,1.13979,1.13978,1.14028,900
1744619460,1.139785,1.139315,1.139295,1.13994,1063
1744619520,1.13931,1.139245,1.13904,1.139335,884
1744619580,1.13925,1.138865,1.138785,1.13927,559
1744619640,1.13886,1.138905,1.138725,1.139115,777
1744619700,1.13891,1.139265,1.13887,1.13948,729
1744619760,1.13926,1.13873,1.13869,1.13936,719
1744619820,1.13873,1.13933,1.13863,1.139385,779
1744619880,1.139335,1.13929,1.13926,1.139495,497
1744619940,1.139285,1.138605,1.138545,1.13933,893
1744620000,1.1386,1.138095,1.13784,1.138605,1221
1744620060,1.13809,1.13803,1.137925,1.13821,732
1744620120,1.138025,1.138265,1.13801,1.13848,561
1744620180,1.13827,1.138385,1.138145,1.13843,470
1744620240,1.13839,1.13821,1.138165,1.13841,589
1744620300,1.138215,1.138285,1.13812,1.13843,611
1744620360,1.13828,1.138435,1.138115,1.13845,539
1744620420,1.13843,1.138505,1.138355,1.138525,673
1744620480,1.13851,1.138315,1.138175,1.138515,363
1744620540,1.13832,1.138175,1.13809,1.13833,453
1744620600,1.13817,1.13934,1.13817,1.13941,866
1744620660,1.139335,1.139285,1.13901,1.1396,918
1744620720,1.13927,1.139505,1.13911,1.13959,577
1744620780,1.13951,1.13961,1.139505,1.139925,812
1744620840,1.139605,1.13948,1.13948,1.13983,526
1744620900,1.13947,1.13893,1.138925,1.13953,556
1744620960,1.13893,1.13879,1.13876,1.13903,526
1744621020,1.138795,1.1386,1.13852,1.138855,597
1744621080,1.138605,1.13913,1.13856,1.139195,737
1744621140,1.139125,1.13876,1.1387,1.13929,707
1744621200,1.138755,1.13908,1.138725,1.13908,678
1744621260,1.139075,1.138915,1.138885,1.139105,568
1744621320,1.13891,1.1396,1.13891,1.13967,667
1744621380,1.139605,1.13978,1.139435,1.139835,607
1744621440,1.139775,1.139955,1.13973,1.139985,495
1744621500,1.139955,1.139855,1.139755,1.14009,373
1744621560,1.13986,1.13976,1.139725,1.13992,469
1744621620,1.139755,1.13988,1.139635,1.1399,515
1744621680,1.139875,1.139945,1.139695,1.139965,517
1744621740,1.13995,1.14043,1.139755,1.140465,657
1744621800,1.140425,1.14017,1.140115,1.14049,751
1744621860,1.140175,1.14029,1.140095,1.140385,549
1744621920,1.14029,1.14028,1.14017,1.140395,436
1744621980,1.140275,1.140385,1.14021,1.140515,432
1744622040,1.14038,1.14037,1.140165,1.1406,506
1744622100,1.140375,1.14011,1.14007,1.140515,507
1744622160,1.140105,1.14026,1.14009,1.1407,673
1744622220,1.140265,1.140285,1.140245,1.14061,573
1744622280,1.14029,1.14021,1.140055,1.14031,625
1744622340,1.14022,1.14049,1.14019,1.140555,497
1744622400,1.140485,1.140495,1.14045,1.1407,735
1744622460,1.1405,1.14069,1.140425,1.140765,505
1744622520,1.140685,1.140645,1.14036,1.14071,547
1744622580,1.14064,1.14051,1.14045,1.140785,457
1744622640,1.140505,1.140215,1.14017,1.140595,584
1744622700,1.14022,1.13984,1.1397,1.140225,712
1744622760,1.139845,1.13973,1.13967,1.140015,742
1744622820,1.139735,1.1397,1.139585,1.139985,695
1744622880,1.139695,1.139635,1.139515,1.13972,474
1744622940,1.13963,1.139325,1.139305,1.13963,689
1744623000,1.13932,1.13965,1.13928,1.13984,901
1744623060,1.139645,1.139635,1.139545,1.13983,478
1744623120,1.13964,1.13948,1.139405,1.13972,483
1744623180,1.139485,1.139445,1.13937,1.13959,393
1744623240,1.13945,1.139435,1.13937,1.13963,682
1744623300,1.139435,1.139355,1.13932,1.13953,453
1744623360,1.13935,1.139475,1.13928,1.139485,324
1744623420,1.13948,1.139275,1.13922,1.13948,620
1744623480,1.13927,1.139545,1.13919,1.139545,466
1744623540,1.13955,1.13945,1.139435,1.139905,657
1744623600,1.13946,1.139465,1.13921,1.139495,590
1744623660,1.13947,1.139795,1.1394,1.13984,504
1744623720,1.1398,1.1398,1.13972,1.13994,642
1744623780,1.139795,1.139225,1.13921,1.139905,527
1744623840,1.139215,1.13907,1.138835,1.139255,637
1744623900,1.139065,1.13912,1.139035,1.139335,483
1744623960,1.139125,1.13954,1.13891,1.139565,716
1744624020,1.139535,1.139835,1.13948,1.140105,654
1744624080,1.13984,1.13963,1.13958,1.140105,894
1744624140,1.139635,1.139615,1.139525,1.13979,651
1744624200,1.13962,1.13954,1.139515,1.13993,833
1744624260,1.13955,1.13966,1.139425,1.139725,675
1744624320,1.139675,1.13941,1.13933,1.139685,781
1744624380,1.139405,1.139205,1.139055,1.13953,753
1744624440,1.1392,1.13946,1.139175,1.13952,652
1744624500,1.139465,1.139155,1.13912,1.13947,523
1744624560,1.13915,1.139075,1.138915,1.139305,471
1744624620,1.13908,1.138955,1.138875,1.139125,505
1744624680,1.13895,1.138895,1.13872,1.138955,897
1744624740,1.138895,1.138695,1.138675,1.13893,473
1744624800,1.13869,1.13833,1.13832,1.138835,892
1744624860,1.13833,1.138025,1.13799,1.13848,822
1744624920,1.13803,1.13812,1.13796,1.138255,543
1744624980,1.13813,1.138205,1.137995,1.13822,389
1744625040,1.13821,1.138255,1.13821,1.138495,577
1744625100,1.138255,1.138125,1.138085,1.13851,663
1744625160,1.13812,1.13801,1.13792,1.138275,814
1744625220,1.138,1.137955,1.1379,1.138115,486
1744625280,1.13796,1.137905,1.13786,1.13804,365
1744625340,1.1379,1.13783,1.13779,1.137935,316
1744625400,1.13782,1.137675,1.137555,1.13793,815
1744625460,1.13767,1.137845,1.13757,1.13794,516
1744625520,1.13784,1.137945,1.137685,1.13799,770
1744625580,1.137945,1.13802,1.137825,1.13805,640
1744625640,1.138025,1.137575,1.13756,1.138025,613
1744625700,1.13757,1.137475,1.13731,1.13766,774
1744625760,1.13748,1.137395,1.137255,1.13754,520
1744625820,1.1374,1.13734,1.13721,1.13747,415
1744625880,1.137345,1.13724,1.137155,1.13742,458
1744625940,1.137235,1.137345,1.13714,1.137345,447
1744626000,1.13734,1.137405,1.137285,1.13747,509
1744626060,1.13739,1.13743,1.137325,1.13749,583
1744626120,1.137425,1.137755,1.13738,1.13792,562
1744626180,1.13776,1.1377,1.137615,1.13785,682
1744626240,1.1377,1.137785,1.13755,1.137815,374
1744626300,1.13779,1.137585,1.137565,1.137795,462
1744626360,1.13759,1.13744,1.137435,1.137695,292
1744626420,1.137435,1.13811,1.13743,1.13814,546
1744626480,1.138105,1.13825,1.138005,1.13827,348
1744626540,1.13825,1.138305,1.13825,1.13847,277
1744626600,1.13831,1.13875,1.138285,1.138775,591
1744626660,1.138745,1.1389,1.13869,1.1389,387
1744626720,1.138895,1.139045,1.138875,1.1391,438
1744626780,1.13904,1.139175,1.139015,1.13921,342
1744626840,1.13917,1.13874,1.1386,1.13922,506
1744626900,1.138735,1.138565,1.138545,1.138755,359
1744626960,1.13856,1.13856,1.13836,1.138645,428
1744627020,1.138565,1.13853,1.13839,1.138625,479
1744627080,1.138525,1.13836,1.138225,1.13853,412
1744627140,1.138365,1.138535,1.138365,1.138565,489
1744627200,1.138545,1.13836,1.13826,1.138605,456
1744627260,1.138365,1.138485,1.138345,1.13861,373
1744627320,1.13849,1.13864,1.138485,1.13866,335
1744627380,1.138645,1.138485,1.13843,1.1387,409
1744627440,1.13849,1.13828,1.13828,1.138685,438
1744627500,1.13829,1.138525,1.13828,1.138545,259
1744627560,1.138535,1.13841,1.138355,1.13862,327
1744627620,1.138405,1.138555,1.13836,1.13863,419
1744627680,1.13855,1.138595,1.138495,1.13861,242
1744627740,1.1386,1.138615,1.13848,1.13871,349
1744627800,1.13862,1.13875,1.13849,1.13877,378
1744627860,1.138755,1.138715,1.138675,1.138795,297
1744627920,1.138715,1.13863,1.13851,1.138745,405
1744627980,1.13863,1.138405,1.138405,1.138715,328
1744628040,1.13841,1.138605,1.13828,1.138615,442
1744628100,1.138595,1.138695,1.138545,1.138705,394
1744628160,1.13869,1.138685,1.138515,1.138725,456
1744628220,1.13868,1.13866,1.13863,1.138735,279
1744628280,1.138665,1.138735,1.138645,1.13875,408
1744628340,1.13873,1.138745,1.138645,1.138795,260
1744628400,1.13875,1.13861,1.13853,1.138755,440
1744628460,1.138605,1.138675,1.138595,1.13879,396
1744628520,1.138675,1.13858,1.13854,1.138745,353
1744628580,1.138575,1.13858,1.138445,1.138615,234
1744628640,1.138575,1.138515,1.13851,1.138655,267
1744628700,1.138515,1.138245,1.13819,1.13852,290
1744628760,1.13824,1.138485,1.137985,1.1385,496
1744628820,1.138475,1.13819,1.13815,1.138475,322
1744628880,1.13819,1.138295,1.13817,1.13836,365
1744628940,1.1383,1.13866,1.138285,1.1387,273
1744629000,1.138655,1.13873,1.138525,1.138745,313
1744629060,1.138735,1.138785,1.13869,1.13885,301
1744629120,1.138785,1.138635,1.13851,1.138795,244
1744629180,1.13863,1.13869,1.13856,1.1388,305
1744629240,1.138685,1.138645,1.13848,1.138695,388
1744629300,1.13864,1.13834,1.138265,1.13864,355
1744629360,1.138335,1.138445,1.13832,1.138485,266
1744629420,1.13844,1.138675,1.138375,1.138695,270
1744629480,1.13868,1.1388,1.138665,1.138825,258
1744629540,1.138795,1.13879,1.13877,1.138865,223
1744629600,1.138795,1.138785,1.138775,1.13886,221
1744629660,1.13879,1.13928,1.13879,1.139295,330
1744629720,1.139285,1.13925,1.139105,1.139345,442
1744629780,1.139255,1.13921,1.13919,1.13937,286
1744629840,1.13921,1.139155,1.13907,1.139245,344
1744629900,1.13915,1.139095,1.13908,1.13922,387
1744629960,1.1391,1.139245,1.13907,1.139325,294
1744630020,1.13924,1.13921,1.13912,1.13934,313
1744630080,1.1392,1.13909,1.138945,1.13928,403
1744630140,1.13909,1.13899,1.13886,1.139095,356
1744630200,1.138985,1.139085,1.13894,1.13915,233
1744630260,1.139085,1.139135,1.139015,1.139345,335
1744630320,1.139135,1.13914,1.13897,1.13918,280
1744630380,1.139145,1.139555,1.13914,1.139565,236
1744630440,1.139555,1.13976,1.13948,1.13979,335
1744630500,1.139755,1.139755,1.1396,1.139815,364
1744630560,1.13976,1.13977,1.139705,1.139835,344
1744630620,1.139765,1.13981,1.139735,1.139845,150
1744630680,1.139805,1.13973,1.139665,1.13985,232
1744630740,1.13973,1.1396,1.1396,1.13984,188
1744630800,1.139595,1.14,1.13956,1.14,228
1744630860,1.13999,1.13987,1.139835,1.14009,477
1744630920,1.13987,1.139645,1.13957,1.139895,394
1744630980,1.13965,1.139655,1.13955,1.139735,315
1744631040,1.13966,1.139875,1.139555,1.139895,334
1744631100,1.139885,1.139545,1.139405,1.1399,316
1744631160,1.13954,1.140165,1.13954,1.14018,329
1744631220,1.14016,1.14009,1.140045,1.140365,473
1744631280,1.140095,1.14041,1.13992,1.14049,490
1744631340,1.140405,1.14033,1.14025,1.140605,401
1744631400,1.140325,1.140195,1.140095,1.14034,524
1744631460,1.14019,1.14037,1.14017,1.140395,338
1744631520,1.140365,1.14045,1.14036,1.140585,265
1744631580,1.14045,1.13968,1.139665,1.140495,443
1744631640,1.13968,1.13947,1.13945,1.139735,507
1744631700,1.139465,1.13829,1.138245,1.139475,1022
1744631760,1.138295,1.13822,1.13811,1.138565,1281
1744631820,1.138225,1.13747,1.13738,1.13833,1427
1744631880,1.137475,1.13828,1.137255,1.138285,1384
1744631940,1.13829,1.13839,1.13815,1.13848,884
1744632000,1.138395,1.138525,1.13832,1.138675,1047
1744632060,1.13853,1.13845,1.138305,1.1386,946
1744632120,1.13845,1.138775,1.13845,1.13885,836
1744632180,1.13877,1.13877,1.138525,1.138875,690
1744632240,1.138765,1.13846,1.138325,1.1388,794
1744632300,1.138455,1.1384,1.138175,1.138455,691
1744632360,1.138405,1.138555,1.13826,1.138575,832
1744632420,1.13856,1.13841,1.13819,1.138565,474
1744632480,1.138405,1.137935,1.137905,1.138495,892
1744632540,1.13793,1.137635,1.137565,1.13801,894
1744632600,1.13764,1.137705,1.13764,1.1379,651
1744632660,1.13771,1.13731,1.13724,1.13771,586
1744632720,1.137305,1.136995,1.13686,1.137545,938
1744632780,1.137,1.13693,1.13632,1.13702,1090
1744632840,1.136935,1.137195,1.13679,1.137195,872
1744632900,1.13719,1.137255,1.13707,1.13742,529
1744632960,1.137265,1.13744,1.137225,1.13745,296
1744633020,1.137435,1.137325,1.137325,1.137555,437
1744633080,1.13732,1.13713,1.1371,1.13743,558
1744633140,1.13711,1.136935,1.13687,1.13715,507
1744633200,1.13693,1.136535,1.136465,1.13719,1089
1744633260,1.136525,1.136195,1.136035,1.136545,944
1744633320,1.13619,1.13606,1.13604,1.136295,534
1744633380,1.136055,1.136125,1.13575,1.13615,827
1744633440,1.13613,1.13579,1.13537,1.13613,685
1744633500,1.135785,1.135925,1.13561,1.135995,789
1744633560,1.13592,1.13611,1.13566,1.13621,663
1744633620,1.136105,1.135525,1.135475,1.136115,511
1744633680,1.13552,1.135485,1.135465,1.135635,508
1744633740,1.13549,1.13543,1.1354,1.135635,327
1744633800,1.13544,1.13582,1.13544,1.135865,458
1744633860,1.13583,1.13595,1.135765,1.136035,481
1744633920,1.135945,1.136195,1.13589,1.13633,707
1744633980,1.1362,1.136295,1.13616,1.13634,520
1744634040,1.136295,1.136745,1.13627,1.13679,629
1744634100,1.136735,1.136835,1.136635,1.136975,491
1744634160,1.136825,1.13713,1.136805,1.13715,493
1744634220,1.137125,1.13698,1.1369,1.137215,575
1744634280,1.13698,1.1368,1.136645,1.13699,496
1744634340,1.136795,1.13665,1.13664,1.136815,333
1744634400,1.13665,1.13683,1.136625,1.137065,694
1744634460,1.136825,1.1372,1.136655,1.13723,667
1744634520,1.137195,1.13702,1.13694,1.13732,630
1744634580,1.137015,1.137235,1.13697,1.137255,429
1744634640,1.13724,1.13666,1.136635,1.137255,645
1744634700,1.13666,1.136415,1.13635,1.136725,537
1744634760,1.1364,1.13634,1.136335,1.13668,475
1744634820,1.136335,1.13594,1.13584,1.13647,806
1744634880,1.135945,1.13635,1.135885,1.136405,690
1744634940,1.13634,1.13625,1.135865,1.13639,570
1744635000,1.136255,1.136665,1.13625,1.13689,617
1744635060,1.13666,1.136315,1.13623,1.136695,703
1744635120,1.13631,1.13613,1.136065,1.1365,576
1744635180,1.136135,1.13553,1.135495,1.136135,618
1744635240,1.135525,1.135485,1.135405,1.13558,364
1744635300,1.135495,1.13514,1.135125,1.135565,610
1744635360,1.135145,1.13386,1.13386,1.135295,1296
1744635420,1.133865,1.133855,1.133445,1.13433,1831
1744635480,1.13386,1.13368,1.1335,1.134315,1322
1744635540,1.133685,1.133875,1.133535,1.13397,1255
1744635600,1.13389,1.133825,1.133755,1.13415,1271
1744635660,1.13382,1.133465,1.133345,1.133995,905
1744635720,1.13347,1.1335,1.13336,1.133965,1067
1744635780,1.133505,1.13284,1.13279,1.133735,763
1744635840,1.132845,1.13203,1.13162,1.133005,1594
1744635900,1.132035,1.13228,1.13203,1.132545,1221
1744635960,1.132285,1.13145,1.13141,1.132545,1382
1744636020,1.131445,1.13167,1.131365,1.13176,1361
1744636080,1.131665,1.131275,1.131105,1.1318,1435
1744636140,1.13128,1.130285,1.130285,1.131305,1572
1744636200,1.13028,1.12986,1.12958,1.13039,1811
1744636260,1.129865,1.13084,1.129675,1.13123,1750
1744636320,1.130835,1.131565,1.13069,1.13159,1501
1744636380,1.131565,1.1317,1.131195,1.131715,1058
1744636440,1.131705,1.1316,1.131435,1.13183,925
1744636500,1.13161,1.132025,1.13145,1.13208,1199
1744636560,1.13202,1.1324,1.132005,1.13247,905
1744636620,1.132405,1.131605,1.131505,1.132405,870
1744636680,1.13161,1.13166,1.131265,1.131845,1296
1744636740,1.131675,1.131425,1.13131,1.132045,942
1744636800,1.13143,1.131225,1.131045,1.13158,1156
1744636860,1.131225,1.13018,1.130155,1.131275,1499
1744636920,1.13017,1.13059,1.130145,1.130815,1210
1744636980,1.130585,1.13025,1.129965,1.130625,1270
1744637040,1.130245,1.13054,1.13009,1.130565,1533
1744637100,1.130535,1.12998,1.129935,1.130785,1373
1744637160,1.12997,1.130315,1.12987,1.130415,920
1744637220,1.130325,1.130015,1.12987,1.13051,909
1744637280,1.13001,1.130545,1.12982,1.13055,1090
1744637340,1.13055,1.13063,1.130155,1.130715,1265
1744637400,1.130635,1.1308,1.1306,1.131065,1550
1744637460,1.1308,1.130765,1.1306,1.13098,1130
1744637520,1.13076,1.130885,1.130495,1.131125,1402
1744637580,1.13088,1.130985,1.1308,1.1313,1514
1744637640,1.13099,1.131325,1.13063,1.13134,1390
1744637700,1.13132,1.131225,1.13066,1.131325,1328
1744637760,1.13122,1.131165,1.13082,1.131275,1185
1744637820,1.13116,1.13131,1.130875,1.13133,1346
1744637880,1.131315,1.13127,1.131145,1.131665,1602
1744637940,1.13126,1.13198,1.13116,1.132075,1688
1744638000,1.132005,1.131885,1.131735,1.13211,1438
1744638060,1.13188,1.13241,1.131835,1.13246,1159
1744638120,1.132415,1.132585,1.132395,1.13267,884
1744638180,1.13259,1.132605,1.132245,1.132645,1011
1744638240,1.13261,1.13249,1.132435,1.13283,1202
1744638300,1.1325,1.133085,1.132435,1.133195,1279
1744638360,1.13309,1.13315,1.132925,1.13323,891
1744638420,1.133145,1.133095,1.13299,1.13354,1110
1744638480,1.13309,1.13309,1.133005,1.133335,728
1744638540,1.133085,1.132835,1.13282,1.13325,889
1744638600,1.13284,1.13279,1.132655,1.13299,797
1744638660,1.132785,1.132495,1.13213,1.132795,694
1744638720,1.132505,1.132495,1.13235,1.1327,691
1744638780,1.13249,1.13224,1.132135,1.13254,561
1744638840,1.132245,1.13241,1.132135,1.1326,558
1744638900,1.132405,1.13295,1.132355,1.132965,660
1744638960,1.132945,1.13269,1.13262,1.13298,584
1744639020,1.132695,1.132835,1.13255,1.132845,526
1744639080,1.13282,1.132555,1.132515,1.13298,563
1744639140,1.13256,1.13273,1.13252,1.13292,520
1744639200,1.132735,1.132995,1.132375,1.13312,911
1744639260,1.133,1.133355,1.13299,1.133375,723
1744639320,1.13335,1.133045,1.13292,1.13335,599
1744639380,1.133035,1.132525,1.13213,1.133035,799
1744639440,1.13252,1.132215,1.13209,1.13252,550
1744639500,1.13223,1.13224,1.13197,1.13227,643
1744639560,1.132235,1.13249,1.13212,1.132565,682
1744639620,1.132495,1.13237,1.13221,1.13251,548
1744639680,1.13237,1.132265,1.132265,1.132575,642
1744639740,1.13227,1.13285,1.13217,1.13285,574
1744639800,1.13285,1.132935,1.13266,1.133125,709
1744639860,1.13293,1.133165,1.132925,1.13317,566
1744639920,1.13317,1.13345,1.13305,1.133585,684
1744639980,1.133445,1.133335,1.13312,1.13349,655
1744640040,1.13334,1.13384,1.13327,1.133885,774
1744640100,1.133835,1.134035,1.133665,1.134145,837
1744640160,1.134045,1.133825,1.133745,1.134045,666
1744640220,1.13383,1.13397,1.1338,1.134065,452
1744640280,1.133965,1.13421,1.13391,1.134435,612
1744640340,1.134215,1.133965,1.133665,1.134315,581
1744640400,1.13397,1.13413,1.133765,1.134255,781
1744640460,1.134135,1.13389,1.13381,1.13425,638
1744640520,1.133885,1.134085,1.133785,1.13418,669
1744640580,1.13408,1.134055,1.134035,1.134355,583
1744640640,1.13405,1.134275,1.134045,1.134415,618
1744640700,1.13428,1.134465,1.13407,1.134555,618
1744640760,1.13447,1.13463,1.13447,1.13478,513
1744640820,1.134625,1.134725,1.134585,1.13481,405
1744640880,1.13472,1.134735,1.134655,1.134995,607
1744640940,1.13474,1.134885,1.13474,1.13495,407
1744641000,1.134895,1.135385,1.13487,1.13539,848
1744641060,1.1354,1.13579,1.135385,1.135895,935
1744641120,1.135795,1.136115,1.13574,1.13636,824
1744641180,1.13612,1.13656,1.13593,1.136585,999
1744641240,1.136565,1.13608,1.13608,1.136675,887
1744641300,1.136075,1.135825,1.135675,1.136215,752
1744641360,1.13582,1.135625,1.1355,1.135825,581
1744641420,1.13562,1.135315,1.13516,1.13562,539
1744641480,1.13531,1.135565,1.13528,1.13566,689
1744641540,1.13557,1.13603,1.13552,1.13609,640
1744641600,1.136025,1.13613,1.13583,1.136245,721
1744641660,1.13613,1.13596,1.13595,1.136295,589
1744641720,1.135955,1.135355,1.135325,1.136075,863
1744641780,1.13535,1.134975,1.13497,1.135435,511
1744641840,1.13498,1.13518,1.13496,1.13534,706
1744641900,1.135175,1.135085,1.13496,1.13527,645
1744641960,1.13508,1.1349,1.134735,1.13511,801
1744642020,1.134905,1.135245,1.134905,1.135315,500
1744642080,1.135255,1.135375,1.135155,1.135475,572
1744642140,1.13537,1.13554,1.13536,1.13567,660
1744642200,1.135545,1.13574,1.135505,1.135785,616
1744642260,1.135745,1.136105,1.13569,1.13617,709
1744642320,1.1361,1.136205,1.135975,1.136325,741
1744642380,1.1362,1.136475,1.1362,1.13666,896
1744642440,1.13647,1.136375,1.13613,1.136555,996
1744642500,1.136385,1.136345,1.136145,1.136435,655
1744642560,1.136345,1.136655,1.13619,1.13683,876
1744642620,1.13666,1.136665,1.136135,1.13671,1531
1744642680,1.13667,1.136685,1.136595,1.13675,869
1744642740,1.13669,1.136765,1.1366,1.13679,861
1744642800,1.13677,1.13685,1.136615,1.13714,1390
1744642860,1.136845,1.136905,1.136245,1.13691,1617
1744642920,1.13691,1.137155,1.13688,1.137185,761
1744642980,1.137145,1.13693,1.13684,1.137195,681
1744643040,1.13693,1.13755,1.13689,1.13756,905
1744643100,1.137545,1.13735,1.137285,1.137705,835
1744643160,1.137355,1.137265,1.137265,1.13761,739
1744643220,1.13727,1.13648,1.136465,1.13727,771
1744643280,1.13648,1.136605,1.13646,1.13681,546
1744643340,1.13661,1.13708,1.136445,1.137085,595
1744643400,1.13709,1.13696,1.136765,1.137265,679
1744643460,1.13695,1.136915,1.136645,1.137065,731
1744643520,1.13692,1.13688,1.13686,1.13706,476
1744643580,1.136875,1.13647,1.136175,1.136955,599
1744643640,1.13648,1.13645,1.13637,1.13664,626
1744643700,1.136445,1.136475,1.13625,1.136525,406
1744643760,1.13648,1.136755,1.136405,1.136855,399
1744643820,1.13675,1.13629,1.13627,1.137225,672
1744643880,1.136295,1.13638,1.136005,1.136385,748
1744643940,1.13638,1.13607,1.135945,1.136545,541
1744644000,1.136075,1.135605,1.135575,1.13642,855
1744644060,1.1356,1.13532,1.135315,1.135755,599
1744644120,1.135325,1.135675,1.13526,1.13587,623
1744644180,1.13568,1.13586,1.13555,1.1359,368
1744644240,1.135865,1.13591,1.135675,1.13601,491
1744644300,1.135905,1.136165,1.135675,1.136285,572
1744644360,1.13616,1.13659,1.136155,1.136615,344
1744644420,1.136595,1.136575,1.136435,1.13667,430
1744644480,1.13658,1.137245,1.1365,1.137265,805
1744644540,1.13725,1.13717,1.13712,1.13741,992
1744644600,1.137175,1.137205,1.13709,1.137395,785
1744644660,1.13721,1.13719,1.1371,1.137395,671
1744644720,1.137195,1.137165,1.137035,1.1373,553
1744644780,1.13715,1.136555,1.13652,1.13715,709
1744644840,1.13655,1.13687,1.13655,1.137055,489
1744644900,1.136865,1.136975,1.13677,1.137095,577
1744644960,1.136975,1.136845,1.136775,1.136985,379
1744645020,1.13684,1.136795,1.136715,1.136965,490
1744645080,1.13679,1.136835,1.13676,1.13696,321
